"TFWB-Magalieskruin NEW",10.100.144.129,0,100
"Lammers 1 New",10.100.143.129,0,100
"System identity not found",10.100.134.129,0,100
"Stanley Park Block 25",10.100.133.129,0,100
"La Camarque Estate MK - CCR",10.100.130.1,0,100
"Grove Lane Block 10",10.100.127.129,0,100
"The Grove Lane Main Uplink",10.100.126.129,0,100
"Grootfontein Bronbergwisp Concentrator",10.100.123.129,0,100
"Plotnet 33 Bronbergwisp Concentrator",10.100.122.129,0,100
"Watertoring Bronbergwisp Concentrator",10.100.121.129,0,100
"Mhoog Bronbergwisp Concentrator",10.105.20.129,0,100
"Stanley Park Block 9",10.100.119.129,0,100
"Rooihuiskraal Estate Block 5",10.100.117.129,0,100
"Farminn East NEW ",10.100.104.129,0,100
BW-LUBERON,10.100.102.129,0,100
"Casa_Salice MK",10.100.99.129,0,100
BW-Cullinan-MK,10.100.98.129,0,100
"Faerie Glen 5",10.100.97.129,0,100
WaterlakeFarm,10.100.96.129,0,100
BW-Strubenkop-HS,10.100.95.129,0,100
"BW-Monument Park HS",10.100.94.129,0,100
"Laudium BW",10.100.93.129,0,100
Maxis_HS,10.100.92.129,0,100
BW_Rooihuiskraal,10.100.90.129,0,100
"Bornkhorstbaai HS",10.100.89.129,0,100
BW_Faerie_Glen_1,10.100.88.129,0,100
"BW-Saartjienek 2011",10.100.86.129,0,100
"Baviaans Poort",10.100.85.129,0,100
"BW Brakfontein HS",10.100.83.129,0,100
BW-Murrayfield,10.100.81.129,0,100
"Vibro Roslyn HS",10.100.80.129,0,100
"BW-Rayton HS",10.100.79.129,0,100
TFWB-Pretoria-East,10.100.78.129,0,100
"Wilgers 3 Wispsa",10.100.77.129,0,100
TFWB-Lotus,10.100.76.129,0,100
TFWB-Bronkhorstpruit,10.100.75.129,0,100
TFWB-HartiesOrCableView,10.100.74.129,0,100
"BW_Farm Inn_Tower_West_Backup",10.100.72.129,0,100
"Twin City",10.100.70.129,0,100
Ekandastria,10.100.69.129,0,100
Roodeplaat,10.100.67.129,0,100
TFWB-Rifilwe,10.100.66.129,0,100
TFWB_Sandvlakte,10.100.65.129,0,100
"BW Faerie Glen 3",10.100.64.129,0,100
TFWB_Uitsig,10.100.63.129,0,100
TFWB-Hercules_East,10.100.62.129,0,100
"Faerie Glen 4",10.100.61.129,0,100
TFWB_Montana,10.100.59.129,0,100
TFWB-Sosh-Hs001,10.100.58.129,0,100
TFWB_Amberfield,10.100.57.129,0,100
Kusile,10.100.56.129,0,100
Gomes,10.100.55.129,0,100
Mnandi,10.100.54.129,0,100
SwavelPoort,10.100.53.129,0,100
Wapadrand,10.100.52.129,0,100
TFWB_ElardusPark,10.100.51.129,0,100
"Vodacom - Techinc",10.100.50.129,0,100
Constantia_Park,10.100.49.129,0,100
Erasmusrand,10.100.48.129,0,100
BW-Temba,10.100.47.129,0,100
tfwb-WB-Nek,10.100.46.129,0,100
BW-Moreleta-HS,10.100.44.129,0,100
Derdepoort,10.100.43.129,0,100
Menlopark,10.100.42.129,0,100
TFWB_Carina,10.100.40.129,0,100
Heights,10.100.37.129,0,100
"BW-Urologies HS",10.100.36.129,0,100
"MikroTik Freanch",10.100.35.129,0,100
"BW Wilgers 2",10.100.33.129,0,100
"Throphy Medal Botique",10.100.32.129,0,100
BW-Wilgers-1,10.100.31.129,0,100
BW_Kameeldrif,10.100.30.129,0,100
"Moloto HS",10.100.29.129,0,100
"WRAPSA HS",10.100.28.129,0,100
"MikroTik St. Gorges",10.100.27.129,0,100
"Mooikloof 2 HS",10.100.26.129,0,100
"Mooikloof 1",10.100.25.129,0,100
"MikroTik Olympus Ext.",10.100.24.129,0,100
"MikroTik Olympus Main",10.100.23.129,0,100
"Amandasig PPPOE",10.100.22.129,0,100
"Wonderboom HS",10.100.21.129,0,100
"Vibro Laudium HS",10.100.20.129,0,100
"Loft Apartments",10.100.19.129,0,100
"CBD Mikrotik",10.100.18.129,0,100
Chamboard,10.100.17.129,0,100
TFWB-Groenkloof-Mikrotik2011,10.100.16.129,0,100
"Tulip HS Mikrotik",10.100.15.129,0,100
"MikroTik Rykor",10.100.12.129,0,100
ASPEN,10.100.11.129,0,100
"Waterkloof HS Polaris Ave RB2011 (192.168.30.187)",10.100.9.129,0,100
"BW Lyttelton HS",10.100.6.129,0,100
"BW-Pieter delport",10.100.5.129,0,100
Lammers4,10.100.4.129,0,100
bwkoedoesnek,10.100.3.129,0,100
BW_LAMMERS3,10.100.2.129,0,100
lammers2,10.100.1.129,0,100
"Amsterdam Block 1",10.100.107.1,0,100
"Amsterdam Block 2",10.100.107.17,0,100
"Amsterdam Block 4",10.100.107.49,0,100
"Amsterdam Block 93",10.100.112.193,0,100
"Amsterdam Block 94",10.100.112.209,0,100
"Amsterdam Block 95",10.100.112.225,0,100
"Amsterdam Block 96",10.100.112.241,0,100
"Amsterdam Main CCR",10.100.105.17,0,100
"Grove Lane Block 7",10.100.126.158,0,100
"Grove Lane Block 17",10.100.126.198,0,100
"Grove Lane Block 1",10.100.126.225,0,100
"Grove lane block 2",10.100.127.1,0,100
"Grove Lane Block 9",10.100.127.113,0,100
"Grove Lane Block 11",10.100.127.145,0,100
"Grove Lane Block 12",10.100.127.161,0,100
"Grove Lane Block 3",10.100.127.17,0,100
"Grove Lane Block 13",10.100.127.177,0,100
"Grove Lane Block 14",10.100.127.193,0,100
"Grove Lane Block 15",10.100.127.209,0,100
"Grove Lane Block 16",10.100.127.225,0,100
"Grove Lane Block 4",10.100.127.33,0,100
"Grove Lane Block 5",10.100.127.49,0,100
"Grove Laine Block 6",10.100.127.65,0,100
"Grove Lane Block 8",10.100.127.97,0,100
"Stanley Park Block 13",10.100.118.50,0,100
"Stanley Park Block 1",10.100.119.1,0,100
"Stanley Park Block 8",10.100.119.113,0,100
"Stanley Park Block 10",10.100.119.145,0,100
"Stanley Park Block 11",10.100.119.161,0,100
"Stanley Park Block 2",10.100.119.17,0,100
"Stanley Park Block 12",10.100.119.177,0,100
"Stanley Park Block 14",10.100.119.209,0,100
"Stanley Park Block 15",10.100.119.225,0,100
"Stanley Park Block 16",10.100.119.241,0,100
"Stanley Park Block 3",10.100.119.33,0,100
"Stanley Park Block 5",10.100.119.65,0,100
"Stanley Park Block 6",10.100.119.81,0,100
"Stanley Park Block 7",10.100.119.97,0,100
"Stanley Park Block 17",10.100.133.1,0,100
"Stanley Park Block 24",10.100.133.113,0,100
"Stanley Park Block 26",10.100.133.145,0,100
"Stanley Park Block 27",10.100.133.161,0,100
"Stanley Park Block 18",10.100.133.17,0,100
"Stanley Park Block 28",10.100.133.177,0,100
"Stanley Park Block 29",10.100.133.193,0,100
"Stanley Park Block 31",10.100.118.122,0,100
"Stanley Park Block 19",10.100.133.33,0,100
"Stanley Park Block 20",10.100.118.78,0,100
"Stanley Park Block 21",10.100.133.65,0,100
"Stanley Park Block 22",10.100.133.81,0,100
"Stanley Park Block 23",10.100.133.97,0,100
"Stanley ParkTOP DC MT link to Easyweb",10.10.100.2,0,100
"Balboa Block 8",10.100.137.38,0,100
"Balboa Block 1",10.10.102.65,0,100
ClubhouseHotspot,10.100.137.254,0,100
"Balboa Block 5",10.10.104.145,0,100
"Balboa Block 9",10.10.104.17,0,100
"Balboa Block 4",10.10.104.65,0,100
"Stanley Park Block 4",10.100.118.14,0,100
"Balboa Block 2",10.100.137.14,0,100
"Balboa Block 3",10.100.137.18,0,100
"Balboa Block 6",10.100.137.30,0,100
"Balboa Block 7",10.100.137.34,0,100
"Balboa Block 10",10.100.137.46,0,100
"Balboa Block 11",10.100.137.50,0,100
"Balboa Block 12",10.100.137.54,0,100
"Balboa Block 13",10.100.137.58,0,100
"Balboa Block 14",10.10.104.129,0,100
"Balboa Block 15",10.100.137.66,0,100
"Balboa Block 16",10.100.137.70,0,100
"Balboa Block 17",10.100.137.74,0,100
"Balboa Block 18",10.100.137.78,0,100
"Balboa Block 19",10.100.137.82,0,100
"Balboa Block 20",10.100.137.86,0,100
"Balboa Block 21",10.100.137.90,0,100
"Greenstone Block 18",10.102.2.17,0,100
"Greenstone Block 23",10.102.2.97,0,100
"Greenstone Block 24",10.100.132.154,0,100
"Greenstone Block 78",10.10.97.161,0,100
"Greenstone Block 22 ",10.102.2.81,0,100
"Greenstone Block 3",10.102.1.33,0,100
"Greenstone Block 2",10.100.132.132,0,100
"Greenstone Block 1",10.102.1.1,0,100
"Greenstone Block 6",10.102.1.81,0,100
"Greenstone Block 26",10.100.132.156,0,100
"Greenstone Block 28",10.100.132.158,0,100
"Greenstone Block 27",10.100.132.157,0,100
"Greenstone Block 21",10.102.2.65,0,100
"Greenstone Block 20",10.102.2.49,0,100
"Greenstone Block 19",10.102.2.33,0,100
"Greenstone Block 17",10.100.132.147,0,100
"Greenstone Block 16",10.100.132.146,0,100
"Greenstone Block 14",10.100.132.144,0,100
"Greenstone Block 13",10.100.132.143,0,100
"Greenstone Block 11",10.102.1.161,0,100
"Greenstone Block 10",10.100.132.140,0,100
"Greenstone Block 8",10.102.1.113,0,100
"Greenstone Block 5",10.102.1.65,0,100
"Greenstone Block 12",10.100.132.142,0,100
"Greenstone Block 9",10.102.1.129,0,100
"Greenstone Block 25",10.100.132.155,0,100
"Greenstone Block 31",10.100.132.161,0,100
"Greenstone Block 50",10.100.132.197,0,100
"Greenstone Block 51",10.100.132.198,0,100
"Greenstone Block 49",10.100.132.196,0,100
"Greenstone Block 44",10.100.132.174,0,100
"Greenstone Block 47",10.100.132.177,0,100
"Greenstone Block 40",10.100.132.170,0,100
"Greenstone Block 37",10.100.132.167,0,100
"Greenstone Block 36",10.100.132.166,0,100
"Greenstone Block 30",10.100.132.160,0,100
"Greenstone Block 35",10.100.132.165,0,100
"Greenstone Block 43",10.100.132.173,0,100
"Greenstone Block 41",10.100.132.171,0,100
"Greenstone Block 39",10.100.132.169,0,100
"Greenstone Block 15",10.100.132.145,0,100
"Greenstone Block 7",10.102.1.97,0,100
"Greenstone Block 34",10.100.132.164,0,100
"Greenstone Block 32",10.10.101.65,0,100
"Greenstone Block 33",10.100.132.163,0,100
"Greenstone Block 45",10.10.100.145,0,100
"Greenstone Block 29",10.100.132.159,0,100
" TFWB-Mor-Sec5",10.100.44.136,0,100
"Google main",google.co.za,0,100
" FI-WT-N",10.100.72.254,0,100
" Titanium SE",192.168.31.13,0,100
" www.wipronet.co.za/qumi2",10.105.20.246,0,100
" QuminetAP",10.105.20.245,0,100
"www.wipronet.co.za/2.4-oos witpoort",10.105.8.132,0,100
" BW-C-P-S3",10.99.7.3,0,100
" BronWisp-Tower-North-2",10.100.88.136,0,100
" BW-C-P-S5",10.99.7.4,0,100
" BW-C-SECT-W-06",10.99.4.8,0,100
" BW-C-SECT-W-05",10.99.4.7,0,100
" BW-C-SECT-W-04",10.99.4.6,0,100
" BW-C-SECT-W-03",10.99.4.5,0,100
" BW-C-SECT-W-01",10.99.4.3,0,100
" BW-C-SECT-S-03",10.99.7.7,0,100
" BW-C-SECT-S-01",10.99.7.5,0,100
" LV-NORTH",10.100.14.131,0,100
" FI-WT-S",10.100.72.138,0,100
" FI-WT-W",10.100.72.139,0,100
" Bronwisp-Tower-West-Eco",10.100.88.137,0,100
" MK2 EAST Sector 1",10.100.26.133,0,100
" UBNT SEC E MK ",10.100.25.133,0,100
" UBNT SEC W MK ",10.100.25.131,0,100
" WISPSA-OLYE-SECTOR3",10.100.24.133,0,100
" WISPSA-OLYE-SECTOR2",10.100.24.132,0,100
" BH-OLYM-LK2",10.100.24.10,0,100
" vibro-south",10.100.20.131,0,100
" Rocket - LT-NORTH",10.100.19.132,0,100
" Loft Sector South",10.100.19.131,0,100
" CBD-Loft",10.100.19.10,0,100
" CBD-SECT-SW",10.100.18.135,0,100
" CBD-SECT-EAST",10.100.18.133,0,100
" BW-Bridge-Blue",10.100.17.130,0,100
" CEN-LAK-S",10.100.11.135,0,100
" CEN-LAK-E",10.100.11.133,0,100
" CEN-LAK-N",10.100.11.131,0,100
" WKF- WEST",10.100.9.136,0,100
" BW-LAM2-SEC-SOUTH",10.100.1.133,0,100
(www.wipronet.co.za/EST-E),10.105.30.133,0,100
(www.wipronet.co.za/EST-SE),10.105.30.132,0,100
" PowerBeam M5 400",192.168.68.4,0,100
www.wipronet.co.za/KH-SSO,192.168.68.3,0,100
www.wipronet.co.za/GF-SEE,10.100.123.137,0,100
www.wipronet.co.za/GF-SW,10.100.123.135,0,100
www.wipronet.co.za/GF-E,10.100.123.134,0,100
www.wipronet.co.za/GF-NW,10.100.123.131,0,100
www.wipronet.co.za/GF-NE,10.100.123.133,0,100
" Annette Thomas",10.100.123.132,0,100
www.wipronet.co.za/edelweiss-N,10.105.2.138,0,100
www.wipronet.co.za/legist,10.105.1.132,0,100
www.wipronet.co.za/33-NE,10.100.122.244,0,100
" Rigting Tierpoort",10.100.122.243,0,100
www.wipronet.co.za/plot33-w,10.100.122.249,0,100
www.wipronet.co.za/plot33-O,10.100.122.254,0,100
www.wipronet.co.za/P33-N,10.100.122.252,0,100
" Riverside uplink",10.100.122.251,0,100
www.wipronet.co.za/ngk,10.105.1.136,0,100
www.wipronet.co.za/33-NWW,10.100.122.250,0,100
" PtP - Gigantic Earth Movers",10.105.2.133,0,100
www.wipronet.co.za/j-vd-v,10.105.2.132,0,100
www.wipronet.co.za/aio,10.100.122.248,0,100
" Uplink Alfasand",10.100.122.161,0,100
"Plotnet33_Roodeplaat @Plotnet33",10.105.2.10,0,100
" WIT-SEE",10.105.8.131,0,100
" Link na Elnatan",10.105.20.250,0,100
" Rigting Klipkop",10.105.20.141,0,100
MH-KF2,10.105.20.145,0,100
www.wipronet.co.za/WL-SE,10.100.96.133,0,100
"""www.wipronet.co.za/WL-NE""",10.100.96.132,0,100
" Waterlake NW",10.100.96.131,0,100
MH-K1,10.105.20.144,0,100
" uplink_plot51 @Plotnet51",10.105.13.10,0,100
MH-sector3,10.105.20.143,0,100
www.wipronet.co.za/rpta-sw,10.105.20.131,0,100
"""www.wipronet.co.za/MOR-NE""",10.100.121.134,0,100
" www.wipronet.co.za/HK-SW",10.105.42.137,0,100
(www.wipronet.co.za/HK-SSW),10.105.42.140,0,100
www.wipronet.co.za/KF-SWWW,10.100.121.253,0,100
www.wipronet.co.za/KF-SSE,10.100.121.254,0,100
(www.wipronet.co.za/KF-SEE),10.100.121.138,0,100
(www.wipronet.co.za/KF-SE),10.100.121.137,0,100
(www.wipronet.co.za/watertoring),10.100.121.252,0,100
(www.wipronet.co.za/KF-SW),10.100.121.139,0,100
" www.wipronet.co.za/ianw",10.100.121.136,0,100
" Titan-West-4",192.168.49.120,0,100
" BronWisp-Tower-West-2",10.100.88.132,0,100
" BW-C-S-E3",10.99.6.4,0,100
" BW-C-P-E1",10.99.6.3,0,100
" BW-T-Voip-W1",10.100.88.135,0,100
" LV-East",10.100.14.133,0,100
" BW-T-Voip-S1",10.100.88.139,0,100
" BW-C-SECT-E-04",10.99.6.5,0,100
" BW-C-SECT-W-02",10.99.4.4,0,100
" C-MK-NEW",192.168.30.97,0,100
" BronWisp-Tower-West-Broardwalk",10.100.88.131,0,100
" BW-FI-WT",192.168.30.21,0,100
" Luberon SEC W",10.100.102.132,0,100
" Luberon SEC S",10.100.102.131,0,100
" TFWB-Cullinan-Sec1-N",10.100.98.131,0,100
" BW-FGL5-SEC SE",10.100.97.132,0,100
" BW-MonuPark-Sec-W",10.100.94.134,0,100
" BW-MonuPark-Sec-S",10.100.94.132,0,100
" BW-MonuPark-Sec-N",10.100.94.131,0,100
" TFWB-Luad-Sec-NW",10.100.93.131,0,100
" TFWB-Rooihuiskraal-Sect-S",10.100.90.131,0,100
" BW-BH-BRONKSPRUIT-BRONKBAAI",10.100.89.10,0,100
" BW-Saartjiesnek-Sec6",10.100.86.136,0,100
" BW-Saartjiesnek-Sec3-N",10.100.86.132,0,100
" BW-Saartjiesnek-Sec1-NE",10.100.86.131,0,100
" BW-BAV-SEC-NE",10.100.85.132,0,100
" TFWB-SOSH5-SEC-W",10.100.84.130,0,100
" BW-VIB-SEC-NE-CLIENTS",10.100.80.133,0,100
" BW-Rayton-Sect-1",10.100.79.130,0,100
" BW-PTAHSP-WEST",10.100.78.134,0,100
" BW-PTAHSP-EAST",10.100.78.133,0,100
" BW-PTAHSP-SOUTH",10.100.78.132,0,100
" PTA East Sector N",10.100.78.131,0,100
" WISPSA-WIL-SECTOR-2",10.100.77.132,0,100
" WISPSA-WIL-SECTOR-1",10.100.77.131,0,100
" Rocket M5",10.100.77.10,0,100
" TFWB-Lotus_Garden-Sec4",10.100.76.134,0,100
" TFWB-Lotus_Garden-Sec3",10.100.76.133,0,100
" TFWB-Lotus_Garden-Sec2",10.100.76.132,0,100
" TFWB-Lotus_Garden-Sec1",10.100.76.131,0,100
" TFWB-Bronkhorstspruit-Sec3-W",10.100.75.133,0,100
" BW-HARTIES-Sect-SE",10.100.74.134,0,100
" BW-HARTIES-Sect-W",10.100.74.133,0,100
" BW-HARTIES-Sect-S",10.100.74.132,0,100
" BW-Farmin-West-Sect-W",10.100.72.134,0,100
" BW-Farmin-West-Sect-S",10.100.72.133,0,100
" BW-Farmin-West-Sect-E",10.100.72.132,0,100
" BW-Farmin-West-Sect-N",10.100.72.131,0,100
" BW-Twincity-Sec4-W",10.100.70.134,0,100
" BW-Twincity-Sec3-S",10.100.70.133,0,100
" BW-Twincity-Sec2-E",10.100.70.132,0,100
" BW-Twincity-Sec1-N",10.100.70.131,0,100
" BW-GROENKLOOF-TO-TWINCITY",10.100.70.10,0,100
" TFWB-Ekandustria-Sec1-N",10.100.69.130,0,100
" Dam Side ",10.100.67.145,0,100
" BW-Roodeplaat-SEC-N",10.100.67.132,0,100
" BW-Roodeplaat-SEC-E",10.100.67.131,0,100
" BW-Sandvlaket-Sec-W",10.100.65.134,0,100
" BW-Sandvlakte-Sec-O",10.100.65.133,0,100
" BW-Sandvalkte-Sec-N",10.100.65.132,0,100
" SandvlakteTower-SandvlakteOffice",10.100.65.131,0,100
" BW-FGL3-SEC-NE",10.100.64.135,0,100
" BW-FGL3-SEC4-E-ONDER",10.100.64.134,0,100
" BW-FGL3-SEC3-E-BO",10.100.64.133,0,100
" BW-FGL3-SEC2-W-ONDER",10.100.64.132,0,100
" BW-FGL3-SEC1-W-BO",10.100.64.131,0,100
" BW-BH-KOEDOESNEK-TO-FGL3",10.100.64.10,0,100
" TFWB-Uitsig-Sector-5-SW-Louisa",10.100.63.135,0,100
" TFWB-Uitsig-Sec-4-East",10.100.63.134,0,100
" TFWB-Uitsig-Sec2-W",10.100.63.132,0,100
" TFWB-Uitsig-Sec-1-N",10.100.63.131,0,100
" BW-FGL4-SEC SW 2",10.100.152.140,0,100
" TFWB-Montana-Devotech",10.100.59.134,0,100
" TFWB-Montana-Sec-3",10.100.59.133,0,100
" TFWB-Montana-Sec-1",10.100.59.131,0,100
" TFWB-Soch007-sec1",10.100.58.131,0,100
" TFWB-Amberfield_BW-TFW-Sect-W",10.100.57.136,0,100
" TFWB-Amberfield_BW-TFW-Sect-S",10.100.57.135,0,100
" TFWB-Amberfield-Sect-E",10.100.57.133,0,100
" TFWB-Amberfield_BW-TFW-Sect-N",10.100.57.131,0,100
" BW-Kusile-Sec3",10.100.56.133,0,100
BW-Kusile-Sec1,10.100.56.132,0,100
" BW-Kusile-Sec2",10.100.56.131,0,100
" UBNT-TFWB-Gom-Sect_SE",10.100.55.137,0,100
" UBNT-TFWB-Gom-Sect_SW",10.100.55.134,0,100
" TFWB-Mnandi BW-TFW-Sect-W",10.100.54.134,0,100
" TFWB-Mnandi-Sec2",10.100.54.132,0,100
" OTT Technologies PTP",10.100.53.135,0,100
" BW-Swawelpoort-Sect-W",10.100.53.134,0,100
" BW-Swawelpoort-Sect-S",10.100.53.133,0,100
" BW-Swawelpoort-Sect-E",10.100.53.132,0,100
" BW-Swawelpoort-Sect-N",10.100.53.131,0,100
" TFWB-Wapadrand-O",10.100.52.132,0,100
" TFWB-ElardusPark-Sec4",10.100.51.134,0,100
" TFWB-ElardusPark-Sec3",10.100.51.133,0,100
" TFWB-ElardusPark-Sec2",10.100.51.132,0,100
" TFWB-ElardusPark-Sec1",10.100.51.131,0,100
" TFWB-Castle-Elarduspark-Rocket",10.100.51.10,0,100
" BW-AV-Sec-N",10.100.50.132,0,100
" BW-AV-Sec-S",10.100.50.131,0,100
" TFWB-lyttelton-to-AV",10.100.50.10,0,100
" TFWB-Erasmusrand-Sec-2-E",10.100.48.132,0,100
" TFWB-Sec-1-N",10.100.48.131,0,100
" PowerBeam M5 400",10.100.47.251,0,100
" TFWB-Temba-Sec-4",10.100.47.135,0,100
" TFWB-Temba-Sec3-Boxfress",10.100.47.134,0,100
" TFWB-THEMBA-SEC-NE",10.100.47.133,0,100
" TFWB-Temba-Sec2",10.100.47.132,0,100
" TFWB-Wonderboomnek-Sec-N",10.100.46.134,0,100
" TFWB-Mor-Sec4-W",10.100.44.134,0,100
" TFWB-Mor-Sec3-S",10.100.44.133,0,100
" TFWB-Mor-Sec1-N",10.100.44.131,0,100
" TFWB-Moreleta-Synexus-PtP",10.100.44.34,0,100
BW-Der-Sect-SW,10.100.43.133,0,100
" BW-Der-Sect-S",10.100.43.132,0,100
BW-Der-Sect-N,10.100.43.131,0,100
" TFBW-Carina-SEC-W",10.100.40.134,0,100
" TFBW-Carina-SEC-S",10.100.40.133,0,100
" TFBW-Carina-SEC-E",10.100.40.132,0,100
"  TFWBronberg-Heights-Sec2",10.100.37.133,0,100
"  TFWBronberg-Heights-Sec1",10.100.37.132,0,100
" URO-SOUTH",10.100.36.134,0,100
" URO-NORTH",10.100.36.133,0,100
BW-WIL2-SEC-NE-BO,10.100.33.135,0,100
" BW-WIL2-SEC-E",10.100.33.133,0,100
" BW-FGL3-TO-WIL2",10.100.33.10,0,100
BW-TMB-SECT-4,10.100.32.134,0,100
BW-TMB-SECT-3,10.100.32.133,0,100
" BW-TMB-SECT-2",10.100.32.132,0,100
" BW-BH-C-TO-TMB",10.100.32.10,0,100
" www.bronbergwisp.co.za/Kameel-East",10.100.30.131,0,100
" mK2-SEctor north",10.100.26.131,0,100
" WISPSA-OLYE-SECTOR1",10.100.24.131,0,100
" BW-AMANDA-SEC-NE",10.100.22.133,0,100
" BW-AMANDA-SEC-SW",10.100.22.132,0,100
" BW-BH-LAUDIUM-VIBRO",10.100.20.42,0,100
" CBD-SECT-NE",10.100.18.138,0,100
" CBD-SECT-SE",10.100.18.137,0,100
" CBD-SECT-W",10.100.18.136,0,100
" CBD-SECT-SOUTH",10.100.18.134,0,100
" CBD-SEC-NW",10.100.18.132,0,100
" BW-SECTOR-BLACK",10.100.17.146,0,100
" BW-SECTOR-ORANGE",10.100.17.145,0,100
" BW-SECTOR-RED",10.100.17.137,0,100
" BW-SECTOR-GREEN",10.100.17.135,0,100
" BW-SECTOR-BLUE",10.100.17.134,0,100
" TFWB-Lyttleton-Sec4-W",10.100.6.134,0,100
" TFWB-Lyttelton-Sec3-S",10.100.6.133,0,100
" TFWB-Lyttleton-Sec1-N",10.100.6.131,0,100
Google,8.8.4.4,0,100
" BW-LAM4-SEC-SW-BO",10.100.4.135,0,100
" BW-LAM4-SECT-SE-BO",10.100.4.134,0,100
" BW-LAM4-SEC-NE-BO",10.100.4.133,0,100
" BW-LAM4-SECT-SE-ONDER",10.100.4.132,0,100
" TFWB-FGL-North",10.100.3.134,0,100
" Pavilion Lammers 3 link",10.100.2.34,0,100
" BW-LAM-SEC-SW",10.100.0.136,0,100
" BW-LAM-WEST",10.100.143.142,0,100
" BW-FI-S-2",10.100.104.150,0,100
" BW-FI-S-5",10.100.104.139,0,100
" www.bronbergwisp.co.za/NE",10.100.104.138,0,100
" www.bronbergwisp.co.za/E-3",10.100.104.136,0,100
" www.bronbergwisp.co.za/SW-4",10.100.104.132,0,100
" www.bronbergwisp.co.za/SE-6",10.100.104.131,0,100
" TFWB-Amberfield_Sec-W-Louisa Park",10.100.57.134,0,100
" TFWB-Mnandi-SEC-W",10.100.54.250,0,100
" TFWB-Wonderboomnek-Sec-S",10.100.46.133,0,100
" TFWB-Wonderboomnek-Sec-NW",10.100.46.131,0,100
" TFWB-Mor-Sec2-E",10.100.44.132,0,100
" TFWB-PieterDP-SEC5-NE",10.111.5.7,0,100
" TFWB-Constantiapark-Sec-4",10.100.49.134,0,100
Wrapsa-Sector-S,10.100.28.131,0,100
" BW_lam3_Sec_E_Bo",10.100.2.133,0,100
" BW_lam3_Sec_NE_Onder",10.100.2.132,0,100
" BW_lam3_Sec_NE_Bo",10.100.2.131,0,100
" www.bronbergwisp.co.za/S-5",10.100.104.135,0,100
" www.bronbergwisp.co.za/N-1",10.100.104.134,0,100
" www.bronbergwisp.co.za/W-2",10.100.104.133,0,100
" TFWB-Luad-Sec-NE",10.100.93.132,0,100
" TFWB-Uitsig-Sec-3-S",10.100.63.133,0,100
" TFWB-Mnandi-Sec1",10.100.54.131,0,100
" TFWB-Constantiapark-Sec-5",10.100.49.136,0,100
" TFWB-Constantiapark-Sec-3",10.100.49.133,0,100
" TFWB-Constantiapark-Sec-2",10.100.49.132,0,100
" TFWB-Constantiapark-Sec-1",10.100.49.131,0,100
" TFWB-Sec-4-S",10.100.48.134,0,100
" TFWB-Erasmusrand-Sec-3-W",10.100.48.133,0,100
" BW-WIL2-SEC-N",10.100.33.132,0,100
" BW-WIL1-SEC-N-ONDER",10.100.31.135,0,100
" BW-WIL1-SEC-N-BO",10.100.31.134,0,100
" BW-WIL1-SEC-NW",10.100.31.133,0,100
" BW-AMANDA-SEC-NW",10.100.22.131,0,100
" TFWB-Lyttleton-Sec2-E",10.100.6.132,0,100
" TFWB-PieterDP-Sec4-SE",10.111.5.5,0,100
" TFWB-PieterDP-Sec2-NE",10.111.5.6,0,100
" TFWB-PieterDP-Sec1-NW",10.111.5.4,0,100
" BW-LAM4-SECT-NE-ONDER",10.100.4.131,0,100
" BW_lam3_Sec_E_Onder",10.100.2.134,0,100
" Titan South 1",10.99.7.8,0,100
" WISPSA-OLYE-SECTOR4",10.100.24.134,0,100
" TFWB-FGL-South",10.100.3.131,0,100
" TFWB-Groenkloof-Sec1",192.168.81.3,0,100
www.wipronet.co.za/KingS-s,192.168.68.5,0,100
"SA-Outsourcing 1",192.168.66.131,0,100
" Clearaccess Uplink",10.100.122.133,0,100
www.wipronet.co.za/ngk-w,10.105.1.134,0,100
(www.wipronet.co.za/Plot33-NNW),10.100.122.247,0,100
"Ben Goosen Nano 1",10.105.20.240,0,100
TESt,8.8.8.8,0,100
www.wipronet.co.za/asp,10.105.20.140,0,100
www.wipronet.co.za/rpta-o,10.105.20.138,0,100
www.wipronet.co.za/rpta-sso,10.105.20.139,0,100
" Uplink TVG",10.105.33.131,0,100
www.wipronet.co.za/moreletta-n,10.100.121.249,0,100
" BW-FI-S-6",10.100.104.149,0,100
" BW-FI-S-4",10.100.104.147,0,100
" WISPSA-WIL-SECTOR-5 VOICE",10.100.77.135,0,100
" WISPSA-WIL-SECTOR-4",10.100.77.134,0,100
" WISPSA-WIL-SECTOR-3",10.100.77.133,0,100
" URO-WEST",10.100.36.132,0,100
" URO-SEC-EAST",10.100.36.131,0,100
" WISPSA-MOR-SECTOR-5",10.100.35.135,0,100
" WISPSA-MOR-SECTOR-4",10.100.35.134,0,100
" WISPSA-MOR-SECTOR-3",10.100.35.133,0,100
" WISPSA-MOR-SECTOR-2",10.100.35.132,0,100
" WISPSA-MOR-SECTOR-1",10.100.35.131,0,100
" Mol-Sect-2",10.100.29.132,0,100
" UBNT-MOL-SEC-1",10.100.29.131,0,100
" Wrapsa-Sector-N",10.100.28.133,0,100
Wrapsa-Sector-E,10.100.28.132,0,100
" STG-WRAPSA",10.100.27.34,0,100
" MK2 WEST Sector 2",10.100.26.136,0,100
" MK2 South",10.100.26.135,0,100
" UBNT SEC N MK ",10.100.25.134,0,100
" UBNT SEC S MK ",10.100.25.132,0,100
" BW-OLYM-OOS",10.100.23.134,0,100
" WISPSA-OLYM-SECTOR3",10.100.23.133,0,100
" UBNT-WISPSA-OLYM-SECTOR2",10.100.23.132,0,100
" WISPSA-OLYM-SECTOR1",10.100.23.131,0,100
" FR HS-OLY",10.100.23.10,0,100
" BW-SECTOR-YELLOW",10.100.17.136,0,100
" BW-TULIP-WEST",10.100.15.136,0,100
" BW-TULIP-SOUTH",10.100.15.135,0,100
" BW-TULIP-EAST",10.100.15.133,0,100
" BW-TULIP-NORTH",10.100.15.131,0,100
" RYKOR-TO-DONKERHOEK",10.100.12.135,0,100
" BW-RYK-SEC-S",10.100.12.134,0,100
" BW-RYK-SEC-W",10.100.12.133,0,100
" BW-RYK-SEC-E",10.100.12.132,0,100
" BW-RYK-SEC-N",10.100.12.131,0,100
CEN-LAK-W,10.100.11.136,0,100
" Bronwisp Sector WKF-SE",10.100.9.134,0,100
" WKF - EAST",10.100.9.133,0,100
"  BW-LAM2-SEC-SE",10.100.1.135,0,100
"  BW-LAM2-SEC-WEST",10.100.1.134,0,100
" BW-LAM2-SEC-EAST",10.100.1.132,0,100
" BW-LAM_1-Voip-SW",10.100.0.138,0,100
" BW-LAM_1-Voip-SE",10.100.0.137,0,100
" BW-LAM-NORTH",10.100.0.133,0,100
" BW-LAM-SECT-E",10.100.143.134,0,100
" BW-LAM-SECT-N",10.100.143.133,0,100
" BW-LAMMERS1-AC-SOUTH",10.100.143.141,0,100
" BW-LAMMERS1-AC-SOUTEAST-UPPER",10.100.143.140,0,100
" BW-LAMMERS1-AC-SOUTHWEST-UPPER",10.100.143.139,0,100
BW-FGL5-SCHULE,10.100.97.139,0,100
" Soillab PTP",10.100.81.251,0,100
" Rocket M5 Titanium GPS",10.100.66.131,0,100
" BW-STGEORGE-SEC-SE",10.100.27.136,0,100
" TFWB-Magalieskruin-Sec-SE",10.100.144.135,0,100
" TFWB-Rooihuiskraal-Sec-NNE",10.100.90.133,0,100
" TFWB-P2P-MMM-PRO STATION",10.100.42.215,0,100
" TFWB-Groenkloof-Sec-NW-2",192.168.81.8,0,100
" TFWB-Groenkloof-Sec-N-2",192.168.81.7,0,100
" TFWB-Groenkloof-Sec3",192.168.81.5,0,100
" TFWB-Groenkloof-Sec-NE",192.168.81.4,0,100
www.wipronet.co.za/EST-NNW,10.105.30.134,0,100
www.wipronet.co.za/riet,10.100.123.250,0,100
" To_Salo",10.100.123.252,0,100
" Alphasand Sec 1",10.100.122.165,0,100
" Edelweise Uplink",10.105.2.135,0,100
" P33-SEE",10.100.122.139,0,100
www.wipronet.co.za/ngk-sw,10.105.1.133,0,100
" Rigting Ingaadi",10.100.122.253,0,100
(www.wipronet.co.za/hoek2),10.105.42.134,0,100
www.wipronet.co.za/HK-SSSW,10.105.42.139,0,100
(www.wipronet.co.za/HK-SWW),10.105.42.136,0,100
" BronWisp-North-1-STICTLY MIKROTIKS",10.99.3.30,0,100
" www.herotel.co.za/CSL-N3",10.99.3.13,0,100
" 45deg sector",10.99.3.12,0,100
" BW-C-SECT-N-07",10.99.3.10,0,100
" BW-C-SECT-N-06",10.99.3.9,0,100
" UBNT - BW-C-SECT-N-05",10.99.3.8,0,100
" UBNT - BW-C-SECT-N-04",10.99.3.7,0,100
" UBNT - BW-C-SECT-N-03",10.99.3.6,0,100
" UBNT - BW-C-SECT-N-02",10.99.3.5,0,100
" UBNT - BW-C-SECT-N-01",10.99.3.4,0,100
" BW-C-SECT-N-00",10.99.3.3,0,100
" www.bronbergwisp.co.za/Magal-NE",10.100.144.134,0,100
" TFWB-Magalieskruin-Sec-NNW",10.100.144.133,0,100
" www.bronbergwisp.co.za/Magal-NNE",10.100.144.132,0,100
" www.bronbergwisp.co.za/Magali-NW",10.100.144.131,0,100
" BW-FI-S-1",10.100.104.148,0,100
" BW-FI-S-3",10.100.104.137,0,100
" Olympus_Ext-FI_east",10.100.104.35,0,100
" IT Schools INTERNET PTP",10.100.97.137,0,100
" BW-FGL5-SEC S",10.100.97.136,0,100
" BW-FGL5-SEC N",10.100.97.135,0,100
" BW-FGL5-SEC NE",10.100.97.134,0,100
" BW-FGL5-SEC NW",10.100.97.133,0,100
" BW-FGL5-SEC SW",10.100.97.131,0,100
" BW-BH-FGL1-FGL5",10.100.97.10,0,100
" BW-Strubenkop-Sec4-W",10.100.95.134,0,100
" BW-Strubenkop-Sec3-S",10.100.95.133,0,100
" BW-Strubenkop-Sec2-E",10.100.95.132,0,100
" BW-Strubenkop-Sec1-N",10.100.95.131,0,100
" BW-MonuPark-Sec-E",10.100.94.133,0,100
" Vibro Econslag HS Titanium",10.100.93.144,0,100
" BW-Maxis-Sec1",10.100.92.131,0,100
" TFWB-Rooihuiskraal-Sec-SW",10.100.90.132,0,100
" TFWB-BRONKBAAI-SEC-2-SW",10.100.89.132,0,100
" TFWB-BRONKBAAI-SEC-1-E",10.100.89.131,0,100
" BW-Saartjiesnek-Sec5-N-Low",10.100.86.135,0,100
" BW-Saartjiesnek-Sec4-SE",10.100.86.134,0,100
" BW-Saartjiesnek-Sec2-W",10.100.86.133,0,100
" BW-BAV-SEC-W",10.100.85.134,0,100
" BW-BAV-SEC-N",10.100.85.133,0,100
" BW-BAV-SEC-E",10.100.85.131,0,100
" TFWB-SEC-4-W",10.100.83.134,0,100
" TFWB-SEC-3-S",10.100.83.133,0,100
" TFWB-SEC-2-E",10.100.83.132,0,100
" TFWB-SEC-1-N",10.100.83.131,0,100
" TFWB-Murrayfield-Sec-3-N",10.100.81.133,0,100
" TFWB-Murrayfield-Sec-2-SW",10.100.81.132,0,100
" TFWB-Murrayfield-Sec-1-NW",10.100.81.131,0,100
" BW-VIB-SEC-S",10.100.80.132,0,100
" BW-VIB-SECT-NW",10.100.80.131,0,100
" TFWB-VOIP-SEC-S",10.100.75.132,0,100
" TFWB-Bronkhorstspruit-Sec-S",10.100.75.131,0,100
" BW-HARTIES-Sect-NE",10.100.74.135,0,100
" BW-HARTIES-Sect-E",10.100.74.131,0,100
" BW-Roodeplaat-SEC-S",10.100.67.133,0,100
" BW-FGL3-SEC-N",10.100.64.136,0,100
" TFWB-Herculus-Sec-S",10.100.62.133,0,100
" TFWB-Herculus-Sec-NE",10.100.62.132,0,100
" TFWB-Herculus-Sec-NW",10.100.62.131,0,100
" BW-FGL4-SEC-NE",10.100.152.136,0,100
" BW-FGL4-SEC-SW",10.100.152.135,0,100
" BW-FGL4-SEC-W",10.100.152.134,0,100
" BW-FGL4-SEC-SE",10.100.152.133,0,100
" BW-FGL4-SEC-N",10.100.152.132,0,100
" BW-FGL4-SEC-NW",10.100.152.138,0,100
" TFWB-Montana-Sec-4",10.100.59.135,0,100
" TFWB-Montana-Sec-2",10.100.59.132,0,100
" BW-P2P-Amber-Valley",10.100.57.158,0,100
" Wapadrand Power Monitor",10.100.52.138,0,100
" TFWB-Wapadrand-W",10.100.52.133,0,100
" TFWB-Wapadrand-N",10.100.52.131,0,100
" TFWB-Constantiapark-Sec-6",10.100.49.138,0,100
" TFWB-Erasmusrand-Sec5-SW",10.100.48.136,0,100
" TFWB-Wonderboomnek-Sec-NE",10.100.46.132,0,100
" TFWB-Menlo-Sect-NW",10.100.42.137,0,100
" TFWB-Menlo-VoipSect-SE",10.100.42.136,0,100
" TFWB-Menl-Sect-S",10.100.42.135,0,100
" TFWB-Menl-Sect-SE",10.100.42.134,0,100
" TFWB-Menl-Sect-E",10.100.42.133,0,100
" TFWB-Menl-Sect-NE",10.100.42.132,0,100
" TFWB-Menl-Sect-N",10.100.42.131,0,100
TFBW-Carina-SEC-N,10.100.40.131,0,100
" BW-WIL2-SEC-NE ONDER",10.100.33.134,0,100
" BW-TMB-SECT-1",10.100.32.131,0,100
" BW-WIL1-SEC-NE",10.100.31.136,0,100
" WRAPSA BACKUP LINK @ brakfontein",10.100.28.10,0,100
" BW-STG-SEC-S",10.100.27.134,0,100
" BW-St George Sec-NW",10.100.27.132,0,100
" BW-St George Sec-1",10.100.27.131,0,100
" BW-AMANDA-SEC-SE",10.100.22.134,0,100
" WDB-SECTOR-3",10.100.21.210,0,100
WDB-SECT-NE,10.100.21.136,0,100
WDB-SECTOR4,10.100.21.134,0,100
" WDB-SECTOR-2",10.100.21.132,0,100
" WDB-SECTOR1",10.100.21.131,0,100
" CBD-SEC-NW-2",10.100.18.147,0,100
" Rykor-To-Savanna",10.100.12.137,0,100
" Gerhard Street Estate @Lytt",10.100.6.34,0,100
" TFWB-PieterDP-Sec3-S",10.111.5.3,0,100
" BW-LAM4-FP-SE",10.100.4.139,0,100
" LAM3-SECT-E-45deg",10.100.2.140,0,100
" BW-LAM3-SEC4-E",10.100.2.135,0,100
www.wipronet.co.za/eland-am,10.105.20.142,0,100
www.wipronet.co.za/uplink_P33_P2,10.105.44.10,0,100
Uplink,10.105.1.10,0,100
" Amsterdam-AP-to-Landrover",10.100.105.11,0,100
" BW-LAM4-WATERLAKE",10.100.96.11,0,100
" BW-Carina-Struben",10.100.95.12,0,100
" BW-BH-FGL4-MAGALIES",10.100.91.34,0,100
" BW-BH-WIL2-DERDEPOORT",10.100.43.35,0,100
" TFWB-Constantia-AC-to-Carina",10.100.40.10,0,100
" CBD-Heights",10.100.37.10,0,100
" TFWB-BH-CBD-PIETER DELPORT",10.100.5.10,0,100
" PTP-LUBERON-HS",10.100.102.34,0,100
" Rocket 5AC Prism",10.100.52.10,0,100
" Constantia-Erasmusrand",10.100.48.10,0,100
" Twin City Prism",10.100.5.18,0,100
" BW-BH-MAXXIS-GREENSTONE",10.100.92.10,0,100
" TFWB-Elarduspark - Mooikloof 2 - AC",10.100.26.34,0,100
" Prism CBD - Groenkloof",10.100.16.10,0,100
FGL1-PM,10.100.88.254,0,100
LTS_PM,10.250.33.41,0,100
BRONK_PM,10.250.22.22,0,100
LYTT-PM,10.250.17.70,0,100
AMB-PM,10.250.17.39,0,100
GRN-KLF_PM,10.250.17.14,0,100
FGL4-PM,10.100.152.254,0,100
FI_EAST-PM,10.100.104.140,0,100
MonPark_PM,10.100.94.135,0,100
Maxis_PM,10.100.92.20,0,100
SARTJIESNEK-PM,10.100.86.137,0,100
BAV_PM,10.100.85.24,0,100
MrYfld-PM,10.100.81.19,0,100
V-Roslyn_PM,10.100.80.137,0,100
FI_WT-PM,10.100.72.137,0,100
"Roodeplaat- PM",10.100.67.138,0,100
FGL-3_PM,10.100.64.138,0,100
"Kusile PM",10.100.56.137,0,100
Gomes_PM,10.100.55.138,0,100
SANDVLAKTE_PM,10.100.65.139,0,100
MNANDI_PM,10.100.54.136,0,100
ELdusPrk-PM,10.100.51.23,0,100
TFWB-Wonderboomnek-PM,10.100.46.166,0,100
Carina_PM,10.100.40.135,0,100
FRCH_PM,10.100.35.139,0,100
Kameel_PM,10.100.30.135,0,100
Moloto_PM,10.100.29.139,0,100
STG_PM,10.100.27.137,0,100
MK1_PM,10.100.25.139,0,100
"Olympus Ext PM",10.100.24.139,0,100
"Olympus Main_PM",10.100.23.138,0,100
AMANDA_PM,10.100.22.139,0,100
WBD_PM,10.100.21.139,0,100
Vibro-Laudium_PM,10.100.20.139,0,100
CBD-PM,10.100.18.139,0,100
CHAM_PM,10.100.17.138,0,100
TULIP_PM,10.100.15.138,0,100
LAM1-PM,10.100.143.145,0,100
WIL1-PM,10.100.31.23,0,100
T4NOCMTik,10.99.105.14,0,100
"Core Neotel Router",10.99.0.117,0,100
Lammers1,10.100.0.129,0,100
BW-Kantoor,10.99.0.74,0,100
BronWisp-Tower-South-10,10.100.88.133,0,100
LYNNWOOD-PM,10.250.5.126,0,100
MORELETA-PM,10.250.22.181,0,100
SOSH-HS-006-PM,10.254.68.9,0,100
MEINTJIESKOP-PM,10.250.4.134,0,100
LAUD-PM,10.250.4.231,0,100
CBD-PM,10.250.5.154,0,100
MAGALIESKRUIN-PM,10.100.144.139,0,100
TEMBA-PM,10.250.4.38,0,100
"Stinkstevingers PM",10.250.4.86,0,100
REFILWE-PM,10.250.0.10,0,100
SOSH-HS-007-PM,10.123.124.50,0,100
EKANDUSTRIA-PM,10.250.22.37,0,100
ROOIHUISKRAAL-PM,10.250.17.119,0,100
Derdepoort-PM,10.100.43.138,0,100
TFW-Babelegi-PM,10.250.25.20,0,100
"Amanda New PM",10.250.29.18,0,100
Muniforum-PM,10.250.22.108,0,100
RAYTON-PM,10.250.22.93,0,100
CULLINAN-PM,10.250.22.78,0,100
Erasmusrand-PM,10.250.23.126,0,100
MONTANA-PM,10.100.59.137,0,100
Constantiapark-PM,10.248.8.133,0,100
SOSH-002-PM,10.254.44.7,0,100
SOSH-003-PM,10.254.48.6,0,100
SOSH-001-PM,10.254.40.10,0,100
ATTR-002-PM,10.254.36.5,0,100
ATTR-001-PM,10.254.24.5,0,100
BAKENKOP-PM,10.250.4.247,0,100
"MAME CC-PM",10.254.3.2,0,100
MAME-001-PM,10.254.0.6,0,100
CHURCH-PM,10.251.0.2,0,100
BW-WIL_2-PM,10.100.33.25,0,100
SOSH-010-PM,10.254.96.7,0,100
SOSH-008-PM,10.254.84.7,0,100
SOSH-005-PM,10.254.56.7,0,100
Sosh-HS-011-PM,10.254.108.12,0,100
BW-GreenStonePM,10.100.124.254,0,100
BW-STRBNKOP-PM,10.100.95.135,0,100
"Main IPIP / PPPOE Concentrator",10.99.0.182,0,100
"Plotnet-33 Noord",10.100.122.246,0,100
"New Castle Sectors Tilera",10.99.3.1,0,100
"TFWB-MountainView Mikrotik",10.100.142.129,0,100
"La camarque PM",10.100.130.6,0,100
"WRAPSA PM",10.100.28.138,0,100
"Kevin Gast P2P",10.100.4.146,0,100
"Castle Top Backhaul Switch",10.99.1.126,0,100
"Core 1",10.99.0.122,0,100
PenultimateCore,10.99.0.118,0,100
"Core 2",10.99.0.126,0,100
Core3,10.99.0.54,0,100
"Castle - Chamboard-AP",10.100.17.10,0,100
"Castle - Chamboard-Station",10.100.17.11,0,100
"Lammers - Cbd-AP",10.100.18.10,0,100
"Lammers - Cbd-Station",10.100.18.11,0,100
"Castle - WDB-AP",10.100.21.10,0,100
"Castle - WDB-Station",10.100.21.11,0,100
"Lammers2 - MK1-AP",10.100.31.34,0,100
"Lammers2 - MK1-Station",10.100.31.35,0,100
"Lyttleton - Aspen-AP",10.100.6.11,0,100
"Lyttleton - Aspen-Station",10.100.6.10,0,100
"Polaris - Centlake-AP",10.100.11.10,0,100
"Polaris - Centlake-Station",10.100.11.12,0,100
"Rykor to Castle -Station",10.100.12.11,0,100
"Laeveld - Constantia-AP",10.100.14.34,0,100
"Laeveld - Constantia-Station",10.100.14.35,0,100
"Polaris - Tulip-AP",10.100.15.10,0,100
"Polaris - Tulip-Station",10.100.15.11,0,100
"Vibro - CBD-AP",10.100.20.10,0,100
"Vibro - Laudium SIAE",10.100.20.35,0,100
"Castle - Moloto-AP",10.100.29.10,0,100
"Castle - Moloto-Station",10.100.29.13,0,100
"Moloto - Kammel-AP",10.100.30.10,0,100
"Moloto - Kammel-Station",10.100.30.13,0,100
"Polaris - FGL5-AP",10.100.9.10,0,100
"Polaris - FGL5-Station",10.100.9.11,0,100
"MK1 - MK2-AP",10.100.26.10,0,100
"MK1 - MK2-Station",10.100.26.11,0,100
"WIL2 - Grove-AP",10.100.33.34,0,100
"WIL2 - Grove-Station",10.100.33.35,0,100
"Lammers 1 - MenloPark-AP",10.100.42.34,0,100
"Lammers 1 - MenloPark-Station",10.100.42.37,0,100
"Lammers 4 - Farmin East-AP",10.100.73.10,0,100
"Lammers 4 - Farmin East-Station",10.100.73.11,0,100
"Koedoesnek - FGL 3-Station",10.100.64.11,0,100
"FGL3 - WIL2-Station",10.100.33.11,0,100
"CBD - Groenkloof-Station",10.100.16.13,0,100
"Pieter delport - TwinCity-Station",10.100.5.19,0,100
"Lammers 4 - Waterlake-Station",10.100.96.12,0,100
"Pieter Delport - CBD-Station",10.100.5.11,0,100
"Sosh6 - Amandasig-AP",10.100.22.34,0,100
"Sosh6 - Amandasig-Station",10.100.22.35,0,100
"OlympusM - French-Station",10.100.23.11,0,100
"Wrapsa - STG-Station",10.100.27.35,0,100
"Lammers 4 - Boardwalk-AP",10.101.5.2,0,100
"Lammers 4 - Boardwalk-Station",10.101.5.3,0,100
"Lyttelton - Gerhard Str-Station",10.100.6.35,0,100
"Lyttleton - Vodacom-Station",10.100.50.11,0,100
"Brakfontein - Wrapsa-Station",10.100.28.11,0,100
"Castle - Trophy-Station",10.100.32.11,0,100
"Janelda Boerderye",10.105.7.11,0,100
"Janelda Sector - Fly inn",10.105.7.131,0,100
"Janeldda Toughswitch",10.105.7.130,0,100
"Janelda Sec N",10.105.7.133,0,100
"Janelda Sec NE",10.105.7.132,0,100
Janelda,10.105.7.129,0,100
"Lammers Vusi huis",10.99.2.58,0,100
"Uplink to FarmInn",10.100.72.228,0,100
"SIAE to Luberon",10.100.102.26,0,100
"Wilgers 3 PM",10.100.77.139,0,100
"Grootnet Edgeswitch",10.100.123.42,0,100
"Bapsfonteint to Little Eden",10.105.29.10,0,100
"Little  to Bapsfontein",10.105.29.11,0,100
"Little Eden ToughSwitch",10.105.29.130,0,100
"Little Eden Sector",10.105.29.135,0,100
"Little Eden Sec NW",10.105.29.133,0,100
"Little Eden East",10.105.29.131,0,100
"Little Eden ToughSwitch ",10.105.29.132,0,100
"Little Eden NO",10.105.29.134,0,100
"Little Eden",10.105.29.129,0,100
"Uplink Block 2",10.101.5.142,0,100
"Boardwalk Block2 MikroTik2011",10.101.5.143,0,100
"Uplink Block 3",10.101.5.144,0,100
"Boardwalk Block3 MikroTik2011",10.101.5.145,0,100
"Uplink Block 4",10.101.5.146,0,100
"Boardwalk Hieghts Block4 R2011",10.101.5.147,0,100
"Uplink Block 5",10.101.5.148,0,100
"Boardwalk Block5 MikroTik2011",10.101.5.149,0,100
"Uplink Block 6",10.101.5.150,0,100
"Boardwalk Block6",10.101.5.151,0,100
"Uplink Block 7",10.101.5.152,0,100
"Boardwalk Block 7 MikroTik2011 ",10.101.5.153,0,100
"Uplink Block 8",10.101.5.154,0,100
"Boardwalk Block 8 unit 64-72",10.101.5.155,0,100
"Uplink Block 12",10.101.5.162,0,100
"block12 boardwalk heights",10.101.5.163,0,100
"Uplink Block 10",10.101.5.158,0,100
"Boardwalk Heights Blok 10 Units 82-90",10.101.5.159,0,100
"Uplink Block 18",10.101.5.174,0,100
"block 18- boardwalk heights mikrotik 2011",10.101.5.175,0,100
"Uplink Block 21A",10.101.5.180,0,100
"Boardwalk heights Block 21A",10.101.5.181,0,100
"Uplink Block 21 B",10.101.5.214,0,100
"MikroTik Block 21 B",10.101.5.215,0,100
"Block22/  2011 unit 217-225",10.101.5.4,0,100
"Uplink Block 28",10.101.5.194,0,100
"Boardwalk Block 28",10.101.5.195,0,100
"Uplink Block 29",10.101.5.196,0,100
"BoardwalkBlock29 MikroTik2011",10.101.5.197,0,100
"Uplink Block 32",10.101.5.202,0,100
"BOardwalk Heights Block 32",10.101.5.203,0,100
"Block 15 Uplink",10.101.5.168,0,100
"Boardwalk Heights Units 136 - 144",10.101.5.169,0,100
"Burnett HS",10.100.146.129,0,100
"Rooihuiskraal Estate Main CCR",10.100.116.14,0,100
"Rooihuiskraal Estate Block 1",10.100.116.134,0,100
"Rooihuiskraal Estate Block 6",10.100.116.154,0,100
"Rooihuiskraal Estate Block 2",10.100.116.138,0,100
"Rooihuiskraal Estate Block 4",10.100.116.146,0,100
"Rooihuiskraal Estate Block 3",10.100.116.142,0,100
"Stanley / Balboa - Power Monitor",10.10.100.6,0,100
"Lammers 3 PM",10.100.2.22,0,100
"Lammers 4 Pm",10.100.4.23,0,100
"Lammers 2 PM",10.100.1.22,0,100
www.wipronet.co.za/p33,10.100.122.132,0,100
"Greenstone Tilera uplink",10.10.100.113,0,100
"Koedoesnek  Fibre Tilera",10.100.61.1,0,100
TFWB-Cul-Sec2-E,10.100.98.132,0,100
"Balboa Server Room",10.100.137.9,0,100
BW-SOSH006,10.100.22.33,0,100
"Greenstone CCR Blck51-Teraco",10.100.132.9,0,100
"Stanley Park Main DC Room Top",10.10.100.1,0,100
"TFW-Bronkhorstspruit H/S",129.205.80.39,0,100
"Esteq Power Monitor",10.105.30.135,0,100
"Grove Lane Fase 2 Main CCR",10.100.126.130,0,100
"Wipronet Merging Router",10.99.10.2,0,100
"Ultimate_COre Oppiekoppie1",10.100.72.1,0,100
Core5,10.99.10.1,0,100
Bapsfontein,10.105.26.129,0,100
BW-BH-MAXXIS-GREENSTONE,10.100.92.11,0,100
"Kameeldrif to Roodeplaat AP",10.100.67.10,0,100
"Roodeplaat to  Kameeldrif Station",10.100.67.11,0,100
148b7777-278b-498c-92e3-bb78dedcbc0c,10.100.136.6,0,100
"BW-Luberon-Mooikloof-CC AP",10.100.102.42,0,100
BW-BH-AMANDA2-VIBRO,10.100.80.11,0,100
BW-BH-AMANDA2-VIBRO,10.100.80.10,0,100
BW-Aspin-PM,10.100.11.138,0,100
"Amsterdam Block 30",10.100.108.209,0,100
"Gerhard Street CRS Phase 1",10.100.6.38,0,100
"Bronkhorstspruit Concentrator",10.105.11.129,0,100
" Grootfontein_LittleEden @LittleEden ",10.105.29.19,0,100
" Grootfontein_LittleEden @Grootfontein ",10.105.29.18,0,100
Renosterkop,10.105.23.129,0,100
"Hebsiba RB2011",10.105.12.129,0,100
"Hebsiba PM",10.105.12.134,0,100
"Carab Hep Sec1",10.105.12.132,0,100
"Carab Hep Sec2",10.105.12.131,0,100
"BH-Hebsiba to Rhenostekop",10.105.12.11,0,100
"BH-Rhenostekop to Hebsiba",10.105.12.10,0,100
"BH-Rhenostekop to WT",10.105.23.11,0,100
"WT-na Rhenosterkop",10.105.23.10,0,100
"Rheno TS",10.105.23.130,0,100
"CARAB REN - HEP",10.105.23.133,0,100
www.wipronet.co.za/RH-SEE,10.105.23.131,0,100
www.wipronet.co.za/leroux,10.105.23.132,0,100
"Rhenosterkop PM",10.105.23.134,0,100
BW-BH-AMANDA-SAARTJIE,10.100.86.10,0,100
BW-BH-AMANDA-SAARTJIE,10.100.86.11,0,100
Luberon-PM,10.100.102.139,0,100
www.wipronet.co.za/schans-e,10.105.38.134,0,100
www.wipronet.co.za/schans-NE,10.105.38.133,0,100
www.wipronet.co.za/dish,10.105.38.132,0,100
www.wipronet.co.za/SCH-SSSE,10.105.38.131,0,100
www.wipronet.co.za/WP-SSSW,10.105.35.131,0,100
www.wipronet.co.za/wapad-n,10.105.35.132,0,100
www.wipronet.co.za/equestria,10.105.35.133,0,100
www.wipronet.co.za/dros,10.105.35.134,0,100
www.wipronet.co.za/wapad-grove,10.105.35.135,0,100
www.wipronet.co.za/menlyn,10.105.35.136,0,100
www.wipronet.co.za/safari,10.105.35.137,0,100
www.wipronet.co.za/makro,10.105.35.138,0,100
www.wipronet.co.za/wapad-s,10.105.35.139,0,100
www.wipronet.co.za/wbc,10.105.35.140,0,100
www.wipronet.co.za/WP-S,10.105.35.141,0,100
www.wipronet.co.za/WP-SSW,10.105.35.142,0,100
www.wipronet.co.za/bridgec,10.105.35.143,0,100
"Wipronet Wapadrand TS2",10.105.35.144,0,100
"Wipronet Wapadrand TS1",10.105.35.130,0,100
"TFW Isizwe Bus Project",10.123.124.241,0,100
www.wipronet.co.za/wave-sec1,10.105.22.140,0,100
www.wipronet.co.za/WAV-N,10.105.22.139,0,100
www.wipronet.co.za/WAV-NNNE,10.105.22.138,0,100
www.wipronet.co.za/WAV-NE,10.105.22.137,0,100
www.wipronet.co.za/agcom,10.105.22.135,0,100
www.wipronet.co.za/boom,10.105.22.130,0,100
struben_waverley,10.105.22.19,0,100
Uplink-Wip-Morelletta-Waverley,10.105.22.10,0,100
waverley_struben,10.105.22.18,0,100
Uplink-Wip-Waverley-Morelletta,10.105.22.11,0,100
"Gerhard Street Power Monitor",10.100.128.6,0,100
"Gerhard Street CRS Phase 1",10.100.128.9,0,100
"Gerhard Str 24 Port Switch Block1",10.100.128.14,0,100
"Gerhard Str 48 Port  Switch Block2",10.100.128.10,0,100
"Gerhard Straat Block 3",10.100.128.138,0,100
"Gerhard Str Block 3 Planet",10.100.128.22,0,100
"Cambium Watertoring to Moreleta",10.100.121.237,0,100
"Cambium Moreleta to Watertoring",10.100.121.238,0,100
"MDP Sektor",10.100.121.240,0,100
"Uplink Trap to Watertoring",10.100.121.236,0,100
"Uplink Watertoring to Trap",10.100.121.235,0,100
MikroTik,10.100.121.233,0,100
"Red 2 Rayton",10.105.20.132,0,100
"MHoog to Witbank",10.105.20.242,0,100
"Ben Goosen Nano 2",10.105.20.241,0,100
"Ben Goosen to MHoog",10.105.20.239,0,100
"Faan de Vos 2.4 Uplink Mikrotik",10.105.45.131,0,100
"MHoog to Ben Goosen",10.105.20.237,0,100
"Lammers 1 - Static 1",10.100.0.19,0,100
"Lammers 1 - Static 2",10.100.0.20,0,100
"Lammers 1 - Static 3",10.100.0.21,0,100
"Lammers 2 - Static 1",10.100.1.19,0,100
"Lammers 2 - Static 2",10.100.1.20,0,100
"Lammers 2 - Static 3",10.100.1.21,0,100
"Lammers 3 - Static 1",10.100.2.19,0,100
"Lammers 3 - Static 2",10.100.2.20,0,100
"Lammers 3 - Static 3",10.100.2.21,0,100
"Lammers 4 - Static 1",10.100.4.19,0,100
"Lammers 4 - Static 2",10.100.4.20,0,100
"Lammers 4 - Static 3",10.100.4.21,0,100
"Koedoesnek (FGL2) - Static 1",10.100.3.19,0,100
"Koedoesnek (FGL2) - Static 2",10.100.3.20,0,100
"Koedoesnek (FGL2) - Static 3",10.100.3.21,0,100
"Koedoesnek (FGL2) - Static 4",10.100.3.22,0,100
"Koedoesnek (FGL2) - Static 5",10.100.3.23,0,100
"Meintjieskop - Static 1",10.250.4.131,0,100
"Meintjieskop - PTZ",10.250.4.132,0,100
"Klapperkop (Groenkloof) - Static 1",10.250.17.11,0,100
"Wilgers 1 - Static 1",10.100.31.19,0,100
"Wilgers 1 - Static 2",10.100.31.20,0,100
"Wilgers 1 - Static 3",10.100.31.21,0,100
"Wilgers 2 - Static 1",10.100.33.19,0,100
"Wilgers 2 - Static 2",10.100.33.20,0,100
"ElardusPark -Static Cam 1",10.100.51.19,0,100
"ElardusPark Toughswitch Cameras",10.100.51.18,0,100
"Wapadrand Toughswitch Cams + Sectors",10.100.52.130,0,100
"Wapadrand  Static Cam 1",10.100.52.19,0,100
"Wapadrand  Static Cam 2",10.100.52.20,0,100
"Wapadrand  Static Cam 3",10.100.52.21,0,100
"Wilgers 2 - Static 3",10.100.33.21,0,100
"Heights - Static 1",10.250.22.123,0,100
"Amberfield TS Cameras",10.250.17.34,0,100
"Amberfield Static Camera 1",10.250.17.35,0,100
"Amberfield Static Camera 2",10.250.17.36,0,100
"Waverley - Static 1",10.250.17.139,0,100
"Montana - Static 1",10.250.23.195,0,100
"Montana - Static 2",10.250.23.196,0,100
"Montana - PTZ",10.250.23.198,0,100
"Faerie Glen 4 Camera Toughswitch",10.100.152.18,0,100
"Faerie Glen 4 Static Camera 1",10.100.152.20,0,100
"Faerie Glen 4 Static Camera 2",10.100.152.21,0,100
"Moreleta - Static 1",10.250.22.179,0,100
"Moreleta - PTZ",10.250.22.180,0,100
"Faerie Glen 4 Static Camera 3",10.100.152.22,0,100
"Constantiapark - Static 1",10.250.23.139,0,100
"Constantiapark - PTZ",10.250.23.140,0,100
"Rayton - Static Main 1",10.250.22.84,0,100
"Faerie Glen 3 Camera Toughswitch",10.100.64.18,0,100
"Cullinan - Static 1",10.250.22.75,0,100
"Cullinan - Static 2",10.250.22.76,0,100
"Cullinan - PTZ",10.250.22.77,0,100
"Faerie Glen 3 Static Camera 1",10.100.64.19,0,100
"Faerie Glen 3 Static Camera 2",10.100.64.20,0,100
"Faerie Glen 3 Static Camera 3",10.100.64.21,0,100
"Harties Static Camera 1",10.100.74.19,0,100
"Rooihuiskraal - Static 1",10.250.17.115,0,100
"Rooihuiskraal - Static 2",10.250.17.116,0,100
"Rooihuiskraal - PTZ",10.250.17.117,0,100
"Bakenkop - Static 1",10.250.4.243,0,100
"Bakenkop - Static 2",10.250.4.244,0,100
"Bakenkop - PTZ",10.250.4.245,0,100
"Wilgers 3 Camera Toughswitch",10.100.77.18,0,100
"Wilgers 3 Static Camera 1",10.100.77.19,0,100
"Wilgers 3 Static Camera 2",10.100.77.20,0,100
"Saartjies Nek Camera Toughswitch",10.100.86.18,0,100
"Saartjies Nek Static Camera 1",10.100.86.19,0,100
"Faerie Glen 1 Camera Toughswitch",10.100.88.18,0,100
"Faerie Glen 1 Static Camera 1",10.100.88.19,0,100
"Faerie Glen 1 Static Camera 2",10.100.88.20,0,100
"Faerie Glen 1 Static Camera 3",10.100.88.21,0,100
"Faerie Glen 5 Camera Toughswitch",10.100.97.18,0,100
"Faerie Glen 5 Static Camera 1",10.100.97.19,0,100
"Faerie Glen 5 Static Camera 2",10.100.97.20,0,100
"Faerie Glen 5 Static Camera 3",10.100.97.21,0,100
"Magalieskruin - Static 1",10.250.4.123,0,100
"Lynwood - Static 1",10.250.5.123,0,100
"Lynwood - PTZ",10.250.5.124,0,100
"Ekandastria - PTZ",10.250.22.43,0,100
"Ekandastria - Static Cam 2",10.250.22.45,0,100
"Erasmusrand - Static 1",10.250.23.123,0,100
"Bronkhorspruit - Static 1",10.250.22.19,0,100
"Bronkhorspruit - PTZ",10.250.22.21,0,100
"Muniforum - Static 1",10.250.22.107,0,100
Angeline,169.159.148.9,0,100
Cindy,169.159.149.2,0,100
"Carina to Schanskop",10.105.38.10,0,100
"Schanskop to Carina",10.105.38.11,0,100
"Lyttleton Static 2",10.250.17.67,0,100
Sosh-(CC),10.123.124.189,0,100
BW_lam3_Sec_E_Onder2,10.100.2.46,0,100
TFW-Sosh-HS-005,10.123.124.162,0,100
"TFW Soshunguve HS-010-Library Hotspot",129.205.80.23,0,100
"Little Eden PM",10.105.29.137,0,100
"Lemon Tree",10.100.150.2,0,100
Lemontree-PM,10.100.150.6,0,100
"Lammers 1 Sectors TS",10.100.0.130,0,100
"Renosterkop Kamera",10.105.23.135,0,100
"Balboa Block 36",10.100.137.150,0,100
"BW-Saartjienek 2011",10.100.86.36,0,100
KittyHawk-WaterToring,10.105.33.11,0,100
WaterToring-KittyHawk,10.105.33.10,0,100
"Kittyhawk ToughSwitch",10.105.33.130,0,100
"Nano @ KittyHawk",10.105.33.132,0,100
"VoltageCheck @ KittyHawk",10.105.33.133,0,100
"Kitty Hawk Sector",10.105.33.134,0,100
"RYKOR PM",10.100.12.139,0,100
"Mnandi Static 1",10.100.54.19,0,100
"Sorg SW 24port",10.10.106.6,0,100
"Kareepark Sfp Switch 24 port",10.10.106.2,0,100
"Dagbreek Kuberkol",10.105.20.159,0,100
SorgSentrum,10.10.106.7,0,100
"Quintum @ Sorg",10.10.108.254,0,100
SorgsentrumSector,192.168.193.248,0,100
"AlphaSand PM",10.100.122.164,0,100
"AmandaSig Static Cam",10.100.22.22,0,100
"Plotnet 17",10.105.16.139,0,100
"Studios @ Burnett Hotspot Router",10.100.146.18,0,100
"Burnett PM",10.100.146.22,0,100
TFWB-PieterDP-SEC1-N45,10.111.5.8,0,100
bronbergwisp/MaxisSec2SW,10.100.92.132,0,100
"LGR Content Filter",213.150.201.39,0,100
"Landrover-To-Amsterdam SIAE",10.100.3.59,0,100
"Plotnet 51",10.105.13.129,0,100
"Plotnet 51 Tough switch",10.105.13.130,0,100
"Rocket@ Plotnet 51",10.105.13.11,0,100
vryheid-plotnet7,10.105.13.131,0,100
TFWB-Esteq,10.105.30.129,0,100
"Green Sands",10.100.122.138,0,100
"Green sands 2.4",10.100.122.136,0,100
www.wipronet.co.za/vark,10.100.122.134,0,100
"SIAE @ Morelleta to Studio Burnett",10.100.44.42,0,100
"SIAE @  Studio Burnett to Morelleta ",10.100.44.43,0,100
"Bapsfontein Wipronet PM",10.105.26.131,0,100
www.wipronet.co.za/bapsfontein,10.105.26.132,0,100
www.wipronet.co.za/BF-NW,10.105.26.133,0,100
www.wipronet.co.za/baps-E,10.105.26.134,0,100
BW-BAPS-2.4-Sec,10.105.26.138,0,100
Babs-Sec-S,10.105.26.137,0,100
www.wipronet.co.za/BHS-S,10.105.11.131,0,100
www.wipronet.co.za/russel,10.105.11.132,0,100
www.wipronet.co.za/BHS-NEE,10.105.11.133,0,100
Edelweis-Client-TS,10.105.2.137,0,100
"Coetzee - Witpoort ",10.105.8.133,0,100
www.wipronet.co.za/silo1,10.105.19.133,0,100
"""www.wipronet.co.za/delmas-S""",10.105.19.131,0,100
www.wipronet.co.za/delmas-W,10.105.19.132,0,100
www.wipronet.co.za/plotnet51-1,10.105.18.132,0,100
BW-WDB-VOIP-NE,10.100.21.138,0,100
"Lombardy Office Park 2011",10.100.72.253,0,100
"AC Link to Plotnet33",10.105.44.11,0,100
Sector,10.105.44.14,0,100
B'Ellana,169.159.149.1,0,100
"Urologies Hospital Client Internal",10.100.153.130,0,100
"Urological Hospital Fibre Distribution Router",10.100.153.129,0,100
"GreenStone Planet Switch 1",10.100.132.130,0,100
TFWB-Uitsig-Sec6-S(45),10.100.63.199,0,100
"Van Wyk Silos",10.105.27.129,0,100
"Bapsfontein_VanWyk @Bapsfontein",10.105.27.10,0,100
"Bapsfontein_VanWyk @VanWyk",10.105.27.11,0,100
BW-VW-PM,10.105.27.139,0,100
BW-VanWyk-Sec-W,10.105.27.131,0,100
"BW-FGL4-SEC S",10.100.152.137,0,100
TFWB-Lyttleton-Sec5-SW,10.100.6.137,0,100
"Main smtp",10.0.0.102,0,100
"FI East TS 3",10.100.104.194,0,100
"Greenstone Block 4",10.100.132.134,0,100
" BW-P33-EXPRESS",10.100.122.227,0,100
"Castle Top Switch to Isizwe",10.0.0.25,0,100
"Greenstone Block 42",10.100.132.172,0,100
"Greenstone Block 46",10.100.132.176,0,100
"Greenstone Block 48",10.100.132.195,0,100
"Greenstone Block 52",10.100.132.199,0,100
"Greenstone Block 53",10.100.132.200,0,100
"Greenstone Block 54",10.100.132.201,0,100
"Greenstone Block 55",10.100.132.202,0,100
"Greenstone Block 56",10.100.132.203,0,100
"Greenstone Block 57",10.100.132.204,0,100
"Greenstone Block 58",10.100.132.205,0,100
"Greenstone Block 59",10.100.132.206,0,100
"Greenstone Block 60",10.100.132.207,0,100
"Greenstone Block 61",10.100.132.208,0,100
"Greenstone Block 62",10.102.4.209,0,100
"Greenstone Block 63",10.100.132.210,0,100
"Greenstone Block 64",10.100.132.211,0,100
"Greenstone Block 65",10.100.132.212,0,100
"Greenstone Block 66",10.100.132.213,0,100
"Greenstone Block 67",10.100.132.214,0,100
"Greenstone Block 68",10.100.132.215,0,100
"Greenstone Block 69",10.100.132.216,0,100
"Greenstone Block 70",10.100.132.217,0,100
"Greenstone Block 71",10.100.132.218,0,100
"Greenstone Block 72",10.100.132.219,0,100
"Greenstone Block 73",10.100.132.220,0,100
"Greenstone Block 74",10.100.132.221,0,100
"Greenstone Block 75",10.100.132.222,0,100
"Greenstone Block 76",10.100.132.223,0,100
"Greenstone Block 77",10.100.132.224,0,100
LemonTree-Uplink,10.100.17.252,0,100
"LemonTree Block 4-Uplink",10.100.150.18,0,100
"Lemon Tree Block 4",10.100.150.20,0,100
"Grand Central Main CCR",10.100.141.14,0,100
"Grand Central PM",10.100.141.34,0,100
"Grand Central Block 2 Planet",10.100.141.22,0,100
"Grand Central Block 3 Planet",10.100.141.26,0,100
"Grand Central Block 4 Planet",10.100.141.30,0,100
"Amsterdam Block 3",10.100.106.5,0,100
"Amsterdam Block 24",10.100.106.34,0,100
"Amsterdam Block 25",10.100.106.35,0,100
"Amsterdam Block 26",10.100.106.36,0,100
"Amsterdam Block 27",10.100.106.37,0,100
"Amsterdam Block 32",10.100.106.19,0,100
"Amsterdam Block 33",10.100.106.20,0,100
"Amsterdam Block 34",10.100.106.21,0,100
"Amsterdam Block 35",10.100.106.22,0,100
"Amsterdam Block 36",10.100.106.23,0,100
"Amsterdam Block 37",10.100.106.24,0,100
"Amsterdam Block 28",10.100.106.38,0,100
"Amsterdam Block 29",10.100.106.39,0,100
"Amsterdam Block 30",10.100.106.40,0,100
"Amsterdam Block 31",10.100.106.41,0,100
"Amsterdam Block 38",10.100.106.25,0,100
"Amsterdam Block 39",10.100.106.26,0,100
"Amsterdam Block 40",10.100.106.27,0,100
"Amanda Tough Switch 2",10.100.22.141,0,100
BW-Amandasig-PTP-Hatchurch,10.100.22.142,0,100
"Polaris HS TS",10.100.9.130,0,100
"Witpoort HS",10.105.8.129,0,100
"Witpoort PM",10.105.8.139,0,100
"Amsterdam Block 23",10.100.106.59,0,100
"Amsterdam Block 22",10.100.106.58,0,100
"Amsterdam Block 21",10.100.106.57,0,100
"Amsterdam Block 20",10.100.106.56,0,100
"TFW-Ekandastria-TS-Cam ",10.250.22.42,0,100
"New Mail server @ Afrihost",197.242.156.206,0,100
TFWB-MountainView-Sec7-SE_2,10.100.142.140,0,100
TFWB-MountainView-Sec3-NE,10.100.142.133,0,100
" TFWB-Mountianview-PM",10.100.142.139,0,100
www.wipronet.co.za/HK-NE,10.105.42.143,0,100
BW-Mooikloof-CC-Luberon,10.100.102.43,0,100
" BW-Lemontree-Blok 2 - Uplink",10.100.81.136,0,100
"Cash Flow Capital P2P - Station - Client Side",10.100.97.241,0,100
"Cash Flow Capital P2P - Access Point - FGL5",10.100.97.240,0,100
www.wipronet.co.za/schSO,10.105.16.133,0,100
"TMB PM",10.100.32.149,0,100
VLAK-PM,10.248.9.174,0,100
BW-VIBRO-Rosslyn-Client-TS,10.100.80.130,0,100
TFWB-ElardusPark-Sec2-2,10.100.51.135,0,100
BW-Swawelpoort-Sect-SW,10.100.53.138,0,100
www.wipronet.co.za/HK-SW_1,10.105.42.138,0,100
(www.wipronet.co.za/hoek2.1),10.105.42.142,0,100
BW-HK-NW,10.105.42.135,0,100
"Hoek TS 1",10.105.42.130,0,100
"Hoek TS  2",10.105.42.131,0,100
"Hoek TS 3",10.105.42.132,0,100
TFWB-Magalieskruin-Sec-SE2,10.111.144.4,0,100
"Grootnet Sector A",10.100.123.139,0,100
"Alexandra Mall 2011",10.100.136.2,0,100
Lammers4-LGR,10.111.4.18,0,100
LGR-Lammers4,10.111.4.19,0,100
BW-Luberon-SEC-W_2,10.100.102.133,0,100
TFWB-ElardusPark-Sec3_2,10.100.51.136,0,100
TFWB-ElardusPark-Sec2_3,10.100.51.137,0,100
TFWB-Magalieskruin-Sec-NEE,10.111.144.6,0,100
BW-DERDEPOORT-SEC-O2,10.111.43.3,0,100
"FG4 To Constantia Park",10.100.71.10,0,100
TFWB-Const-Sec8-E,10.111.49.4,0,100
TFWB-Const-Sec7-SE,10.111.49.3,0,100
TFWB-Const-TS2-Clients,10.111.49.2,0,100
TFWB-PtP-ABS,10.111.49.21,0,100
BW-FGL5-SEC3-30,10.111.97.5,0,100
BW-FGL5-SEC2-30,10.111.97.4,0,100
BW-FGL5-SEC1-30,10.111.97.3,0,100
"BW-PN51-Wildpark Plotnet 51 Sector 10.105.13.133",127.0.0.1,0,100
"Wilgers 2 Fibre Tilera",10.100.33.6,0,100
"Kannemeyer RX",10.105.11.139,0,100
"Kannemeyer 750",10.105.11.140,0,100
"Kannemeyer AP2",10.105.11.141,0,100
BW-Struben-Magalies,10.100.95.43,0,100
BW-BH-Magalies-Struben,10.100.95.42,0,100
Wrapsa-TS,10.100.28.130,0,100
BW-Strubenkop-Sec5-S_2,10.100.95.136,0,100
TFW-Mame-CC,10.123.124.126,0,100
Mame-Hs001-M1,10.123.124.7,0,100
TFW-Mame-004,10.248.8.78,0,100
TFW-SOSH-HS-111,10.248.14.94,0,100
TFW-SOSH-HS-111,10.248.40.25,0,100
Plotnet33-Sec-N-New,10.111.122.5,0,100
"Lyttleton Static Cam 2",10.250.17.68,0,100
"Gerhard Staat Switch for Block 4",10.100.128.150,0,100
TFWB-Magalieskruin-Sec-TS,10.100.144.130,0,100
TFWB-Magalies-TS-Sec2,10.111.144.2,0,100
TFWB-Magalieskruin-Sec-NNE2,10.111.144.5,0,100
"Amsterdam Main CCR",10.100.105.61,0,100
TFWB-MV-Client-TF,10.100.142.130,0,100
BW-Cableview-Client-TF,10.100.74.130,0,100
BW-MHoog-Sect-Suid3,10.105.20.235,0,100
"Amsterdam Site Office",10.100.105.18,0,100
"Amsterdam PM",10.100.106.14,0,100
"MHoog Sektor Nuut",10.111.120.3,0,100
BW-HK-SEC-SW_2,10.105.42.220,0,100
BW-WLake-Sect-NE-2,10.111.96.4,0,100
"Treasury 1 - SIAE @ Menlo",10.100.42.51,0,100
"Treasury 1 - SIAE at Treasury",10.100.42.50,0,100
"Ptp-Nitelife @ PieterDelport",10.111.5.9,0,100
Leaveld-Bronwisp-Main-Breakout,10.100.14.2,0,100
"Landrover PM",10.100.151.10,0,100
"Landrover HS (Radwin MT)",10.100.105.28,0,100
"Landrover HS (SAIE Link MT)",10.100.151.5,0,100
"TFWB-P2P-MMM-PRO Access Point",10.111.42.4,0,100
Laeveld-HS-RB2011,10.100.14.5,0,100
BW-Sec-Vibro-S2,10.100.20.132,0,100
BW-Bultfontein-MK,10.100.166.129,0,100
"Mountainview side PTP Link ",10.100.166.10,0,100
"Bultfontein side PTP Link",10.100.166.11,0,100
"Amsterdam Block 5",10.100.106.66,0,100
"Amsterdam Block 6",10.100.106.67,0,100
"Amsterdam Block 7",10.100.106.68,0,100
"Amsterdam Block 8",10.100.106.69,0,100
"Amsterdam Block 9",10.100.106.70,0,100
"Amsterdam Block 10",10.100.106.71,0,100
"Amsterdam Block 11",10.100.106.72,0,100
"Amsterdam Block 12",10.100.106.73,0,100
"Amsterdam Block 13",10.100.106.74,0,100
"BW-Ticket Office",10.123.126.137,0,100
"Amsterdam Block 41",10.100.106.42,0,100
"Mk1 Sec Nuut",10.111.25.8,0,100
"Menlopark TS 2",10.111.42.2,0,100
"Menlopark TS",10.100.42.130,0,100
Hercules-PM,10.100.62.140,0,100
"Salo Station",10.100.123.251,0,100
Hoewe,10.105.43.129,0,100
www.wipronet.co.za/Hoewe-Noord,10.105.43.131,0,100
www.wipronet.co.za/Hoewe-NW,10.105.43.132,0,100
www.wipronet.co.za/Hoewe-Oos,10.105.43.134,0,100
www.wipronet.co.za/Hoewe-SW,10.105.43.133,0,100
"Hoewe Sectors TS",10.105.43.130,0,100
BW-Ekandastria-Sec-W,10.100.69.133,0,100
TFWB-Wonderboomnek-Sec-NE_2,10.100.46.254,0,100
TFWB-Lyttelton-Sec-SW,10.111.6.4,0,100
BW-Bultfontein-TF,10.100.166.130,0,100
"BW-CM -Sec N -1",10.111.165.2,0,100
"BW-CM -Sec NE -2",10.111.165.3,0,100
"BW-CM -Sec SE -3",10.111.165.5,0,100
"BW-CM -Sec W - 4",10.111.165.6,0,100
"BW-Country Mushroom-MK",10.100.165.129,0,100
"Bastille Main CCR",10.100.167.129,0,100
"Bastille Power Monitor",10.100.167.131,0,100
"BW-MHOOG-SECT-SW (PRISM)",10.111.120.6,0,100
BW-Hercules-Sec3-NW,10.111.62.4,0,100
"Sontonga Mall - P2P - Easyweb Tower - LigoWave",10.100.124.10,0,100
"Sontonga Mall - LigoWave ",10.100.124.11,0,100
"Sontonga Mall Mikrotik",10.100.124.14,0,100
BW-Bult-Sec-N-1,10.111.166.3,0,100
BW-Bult-Sec-W-4,10.111.166.6,0,100
BW-Bult-Sec-E-2,10.111.166.4,0,100
"	BW-Bult-Sec-S-3",10.111.166.5,0,100
"Country Mushroom PM",10.100.165.139,0,100
"BW-Country Mushroom -TF",10.100.165.130,0,100
"Heartfelt Arena Microwave Heartfeld To Carina HS",10.100.40.35,0,100
"Heartfelt Arena Microwave Carina To Heartveld",10.100.40.34,0,100
"Sek TD-S",10.105.39.139,0,100
TFWB-Lyttelton-Sec-NW,10.111.6.5,0,100
Ignite-Murrayfield,10.100.81.58,0,100
SIAE-Murrayfield-Wilgers2,10.100.81.67,0,100
SIAE-Wilgers2-Murrayfield,10.100.81.66,0,100
Ignite-Chamboard,10.100.81.59,0,100
Olympus,10.105.39.132,0,100
"Olympus Sector",10.105.39.134,0,100
"RB750 Switch",10.105.39.133,0,100
"Grove Lane PM",10.100.126.202,0,100
BW-Mountainview-EdgeSwitch(PoE),10.111.142.242,0,100
BW-MountainView-30-W,10.111.142.243,0,100
BW-MountainView-30-SW,10.111.142.244,0,100
BW-MountainView-30-S2,10.111.142.245,0,100
BW-MountainView-30-S1,10.111.142.246,0,100
BW-MountainView-30-SE,10.111.142.247,0,100
BW-MountainView-30-E,10.111.142.248,0,100
BW-Mountainview-45-W,10.111.142.250,0,100
BW-Mountainview-45-O,10.111.142.251,0,100
BW-Mountainview-30-NE,10.111.142.252,0,100
BW-Mountainview-30-N,10.111.142.253,0,100
BW-Mountainview-30-NW,10.111.142.254,0,100
"Balboa Block 25",10.100.137.106,0,100
"Carina Static",10.250.23.165,0,100
TFWB-Brakfontein-Sec-N,10.111.83.6,0,100
TFWB-Brakfontein-Sec-S,10.111.83.7,0,100
www.wipronet.co.za/P33-NWWW,10.100.122.245,0,100
"River Estate 1036 Main - MK",10.100.171.129,0,100
"Equestria River Estate PM",10.100.171.132,0,100
"Equestria River Estate Prism",10.100.81.51,0,100
"JQ huis",154.119.57.253,0,100
"Equestria River Estate Planet",10.100.171.130,0,100
"Windgate HS",10.100.172.129,0,100
BW-Wingate-Sec-SE,10.100.172.130,0,100
BW-Windgate-Sec-N,10.100.172.131,0,100
"Windgate HS PM",10.100.172.133,0,100
"Alfasand TS",10.100.122.163,0,100
"Sontonga Mall PM",10.100.124.48,0,100
TFWB-Montana-CSEC-NE,10.111.59.5,0,100
TFWB-MONTANA-CSEC-NW,10.111.59.6,0,100
TFWB-WBN-SEC-S2,10.111.46.3,0,100
"Hoek HS",10.105.42.129,0,100
"Amsterdam 48 Port Switch (Phase 6)",10.100.106.82,0,100
"Amsterdam - Block 81",10.100.106.83,0,100
"Amsterdam - Block 82",10.100.106.84,0,100
"Amsterdam - Block 83",10.100.106.85,0,100
"Amsterdam - Block 84",10.100.106.86,0,100
"Amsterdam - Block 85",10.100.106.87,0,100
"Amsterdam - Block 90",10.100.106.91,0,100
"Amsterdam - Block 91",10.100.106.92,0,100
"Amsterdam - Block 92",10.100.106.93,0,100
TFWB-Derdepoort-SEC-SE,10.111.43.4,0,100
TFWB-Rayton-Sec-NE,10.100.79.132,0,100
